,name,ideal_point
0,"1
",0.043044776
1,"3
",0.12631105
2,"319
",0.5297694
3,"1057
",0.010626353
4,"1088
",-0.41467726
5,"1091
",-0.07917826
6,"1265
",-0.03790235
7,"1464
",1.1244032
8,"1549
",-0.022043057
9,"2151
",-0.27150807
10,"2157
",-0.34374934
11,"2164
",0.09209675
12,"2425
",0.20537914
13,"3330
",-0.79754317
14,"3332
",0.24818198
15,"3529
",-0.13704868
16,"3577
",0.14635599
17,"3731
",0.040118963
18,"3935
",0.08754103
19,"4008
",-0.11655193
20,"4281
",0.25960454
21,"4363
",-0.30412227
22,"4543
",-0.35948154
23,"4577
",0.29555726
24,"4682
",0.09196613
25,"4723
",0.2044702
26,"4880
",0.11229945
27,"5014
",-0.1633109
28,"5167
",0.12153945
29,"5286
",-0.14704752
30,"5293
",0.024179317
31,"5368
",0.36366332
32,"5427
",-0.30044433
33,"5508
",-0.5880722
34,"5532
",-0.016417285
35,"5572
",0.33525395
36,"5575
",-0.34422868
37,"5677
",-0.28096348
38,"5679
",-0.17874937
39,"5745
",0.2879247
40,"5858
",0.18673493
41,"5962
",0.14178751
42,"6172
",-0.02718429
43,"6194
",0.25581044
44,"6195
",0.42974943
45,"6196
",-0.40977055
46,"6197
",-0.18050113
47,"6198
",-0.41600406
48,"6203
",0.11206568
49,"6205
",0.30279714
50,"6207
",0.16587926
51,"6209
",0.2819341
52,"6212
",0.073141545
53,"6215
",0.558885
54,"6216
",-0.12562121
55,"6217
",0.24225631
56,"6218
",-0.04393332
57,"6219
",-0.091943756
58,"6222
",0.10752037
59,"6232
",0.212664
60,"6233
",0.08258833
61,"6240
",-0.21074988
62,"6241
",0.41134435
63,"6245
",0.32840583
64,"6248
",-0.029906249
65,"6250
",0.105788164
66,"6253
",0.25077683
67,"6255
",-0.08052148
68,"6259
",0.16670102
69,"6263
",-0.103409804
70,"6267
",0.086402595
71,"6273
",0.03388465
72,"6285
",0.0016122472
73,"6300
",-0.09934598
74,"6301
",0.16372108
75,"6311
",-0.23765168
76,"6317
",0.114638805
77,"6324
",-0.126263
78,"6325
",0.12135121
79,"6357
",0.29102266
80,"6358
",0.3657541
81,"6360
",-0.23384619
82,"6361
",0.25013652
83,"6363
",0.2215119
84,"6364
",-0.07803627
85,"6366
",-0.39060935
86,"6373
",0.14568377
87,"6378
",0.3265072
88,"6383
",0.28719413
89,"6386
",-0.27143326
90,"6390
",0.40863797
91,"6391
",-0.05273628
92,"6392
",0.091643035
93,"6394
",-0.42731994
94,"6396
",0.015343594
95,"6397
",0.12715556
96,"6398
",0.22596729
97,"6399
",0.061327633
98,"6400
",0.16604559
99,"6402
",-0.35227937
100,"6405
",-0.06648408
101,"6406
",0.026718268
102,"6407
",-0.85446465
103,"6408
",-0.037526503
104,"6411
",0.082440935
105,"6412
",0.16500135
106,"6413
",-0.3082277
107,"6414
",-0.0033717537
108,"6415
",0.08337762
109,"6417
",1.0537683
110,"6418
",0.11616231
111,"6420
",-0.12009545
112,"6422
",0.10322809
113,"6425
",0.27863342
114,"6426
",0.6948707
115,"6427
",0.095174074
116,"6429
",0.23752974
117,"6430
",0.04278988
118,"6431
",0.09425148
119,"6432
",0.17289104
120,"6433
",0.22526945
121,"6435
",-0.29016173
122,"6438
",0.28257695
123,"6440
",-0.057699054
124,"6445
",0.24394144
125,"6447
",0.013233756
126,"6451
",-0.025656793
127,"6452
",0.04212007
128,"6453
",-0.0330112
129,"6454
",-0.23125519
130,"6456
",0.025893133
131,"6459
",-0.5695432
132,"6460
",-0.06987454
133,"6462
",-0.041945696
134,"6463
",-0.10092101
135,"6466
",0.06907453
136,"6467
",0.035701267
137,"6470
",0.0694019
138,"6471
",-0.19298972
139,"6472
",0.2076726
140,"6473
",0.13780177
141,"6474
",0.062483452
142,"6478
",0.41787568
143,"6480
",-0.17380764
144,"6481
",0.064473376
145,"6482
",-0.34904054
146,"6483
",-0.69841963
147,"6488
",-0.09624942
148,"6489
",-0.23340294
149,"6490
",0.45723373
150,"6492
",-0.2645361
151,"6493
",0.123003945
152,"6497
",-0.18220249
153,"6502
",0.13454321
154,"6503
",-0.14265744
155,"6506
",-0.20422094
156,"6508
",0.22762777
157,"6510
",-0.0036036426
158,"6512
",0.24946441
159,"6516
",0.03356414
160,"6517
",0.056656662
161,"6518
",-0.46052265
162,"6519
",-0.042487524
163,"6520
",0.28451595
164,"6521
",0.19637083
165,"6522
",0.17376798
166,"6523
",-0.099019065
167,"6524
",0.1501619
168,"6525
",-0.06638506
169,"6527
",0.19267483
170,"6528
",-0.10012763
171,"6529
",-0.07872575
172,"6530
",-0.24982125
173,"6531
",0.1191425
174,"6532
",-0.11618282
175,"6536
",0.27932167
176,"6538
",0.0819252
177,"6540
",0.08868133
178,"6541
",-0.01208994
179,"6542
",0.03764388
180,"6543
",0.28321066
181,"6545
",0.08070464
182,"6546
",0.115719
183,"6547
",-0.24110226
184,"6550
",-0.39045614
185,"6552
",0.10490824
186,"6553
",0.2233228
187,"6556
",-0.39215735
188,"6559
",0.104944825
189,"6560
",-0.6489808
190,"6563
",0.08868893
191,"6565
",0.06633679
192,"6566
",-0.03422218
193,"6569
",0.19404517
194,"6573
",0.12888262
195,"6574
",0.035504032
196,"6575
",0.17618217
197,"6578
",-0.36275914
198,"6579
",-0.12358554
199,"6581
",-0.48090258
200,"6582
",0.12560849
201,"6583
",0.0052088434
202,"6585
",0.24173313
203,"6587
",-0.059489608
204,"6588
",0.11675488
205,"6589
",-0.07966548
206,"6592
",0.1276561
207,"6593
",0.34467506
208,"6599
",0.077533424
209,"6600
",-0.08451766
210,"6601
",0.099140845
211,"6602
",-0.14435852
212,"6603
",-0.016446326
213,"6604
",-0.10113472
214,"6605
",0.31280556
215,"6606
",0.25675672
216,"6607
",0.08655383
217,"6608
",0.057523247
218,"6609
",-0.0013629785
219,"6610
",-0.29117513
220,"6611
",0.38866702
221,"6613
",-0.36506262
222,"6617
",0.0051202504
223,"6623
",0.11665841
224,"6624
",-0.086086325
225,"6626
",0.0011156622
226,"6627
",-0.02685976
227,"6628
",-0.35722503
228,"6630
",0.00093756866
229,"6631
",0.108501725
230,"6633
",-0.016712125
231,"6634
",0.06428637
232,"6635
",0.09320214
233,"6636
",-0.083098605
234,"6638
",0.39170912
235,"6639
",0.18282379
236,"6640
",0.4720444
237,"6642
",0.44785547
238,"6643
",0.49613938
239,"6645
",0.062414628
240,"6650
",0.18197833
241,"6652
",0.1279581
242,"6653
",-0.12778975
243,"6654
",-0.07483484
244,"6656
",0.118522905
245,"6658
",0.054951668
246,"6660
",0.39433256
247,"6664
",-0.09807401
248,"6665
",-0.26140735
249,"6666
",-0.23080806
250,"6670
",-0.04468114
251,"6671
",0.013511012
252,"6672
",0.38064724
253,"6675
",0.08189984
254,"6676
",0.19278891
255,"6678
",-0.4835129
256,"6679
",-0.53599447
257,"6680
",-0.049106322
258,"6681
",-0.27844238
259,"6682
",-0.09434214
260,"6683
",-0.017134953
261,"6686
",0.16234764
262,"6691
",-0.0955406
263,"6692
",-0.15260953
264,"6693
",-0.28867987
265,"6696
",0.005531119
266,"6699
",3.9652434e-07
267,"6701
",-0.094861
268,"6703
",0.2812857
269,"6704
",0.2236874
270,"6705
",0.11821155
271,"6710
",-0.23547989
272,"6711
",-0.28404582
273,"6713
",-0.14357209
274,"6714
",-0.33830252
275,"6715
",-0.13975155
276,"6717
",-0.03450434
277,"6720
",-0.31640935
278,"6723
",0.1211001
279,"6727
",-0.29142734
280,"6731
",0.066013865
281,"6733
",-0.14792806
282,"6734
",0.013621269
283,"6735
",0.114670835
284,"6752
",0.42267692
285,"6754
",-0.03451101
286,"6756
",-0.10131888
287,"6760
",0.02801746
288,"6761
",-0.0018849783
289,"6762
",0.19573483
290,"6763
",0.16362727
291,"6764
",-0.116784915
292,"6765
",0.08986868
293,"6766
",-0.110955685
294,"6767
",-0.3483746
295,"6772
",-0.9104953
296,"6776
",0.16672584
297,"6778
",-0.14305815
298,"6781
",-0.16003795
299,"6784
",-0.092863806
300,"6785
",-0.029662972
301,"6788
",-0.31319967
302,"6789
",-0.30826887
303,"6792
",0.00247623
304,"6793
",0.16776603
305,"6795
",0.22399688
306,"6800
",0.18526718
307,"6804
",-0.043478858
308,"6805
",0.082319014
309,"6811
",-0.031466633
310,"6815
",-0.20476942
311,"6817
",0.18548436
312,"6821
",0.072201386
313,"6826
",-0.26415733
314,"6827
",0.2610824
315,"6828
",-0.09027676
316,"6830
",-0.10894522
317,"6832
",-0.56075305
318,"6836
",0.06871061
319,"6843
",0.30090755
320,"6844
",0.21450505
321,"6845
",0.30375168
322,"6847
",0.12482362
323,"6849
",-0.065643035
324,"6850
",-0.022866674
325,"6851
",-0.17982389
326,"6852
",-0.27146116
327,"6853
",-0.03517498
328,"6855
",-0.042896766
329,"6858
",0.5271677
330,"6861
",-0.4089562
331,"6862
",0.026735777
332,"6863
",0.42839363
333,"6865
",0.120686114
334,"6866
",0.39699823
335,"6873
",-0.13935599
336,"6874
",0.23744816
337,"6877
",-0.09833222
338,"6879
",0.13467014
339,"6881
",-0.24360515
340,"6882
",0.08542285
341,"6884
",-0.15177211
342,"6888
",0.12931998
343,"6890
",-0.17682318
344,"6899
",-0.10179248
345,"6901
",0.32554814
346,"6902
",-0.08716663
347,"6903
",0.18220906
348,"6910
",-0.38300237
349,"6914
",0.16087286
350,"6915
",0.045134638
351,"6918
",0.24778868
352,"6919
",0.40752253
353,"6930
",0.1375315
354,"6933
",-0.30768934
355,"6935
",0.10845417
356,"6936
",0.40699235
357,"6937
",0.27510664
358,"6938
",0.14724231
359,"6939
",1.5511689
360,"6940
",-0.57410747
361,"6942
",0.07657856
362,"6943
",0.42175555
363,"6944
",-0.065213636
364,"6947
",0.16089931
365,"6948
",-0.03723346
366,"6949
",-0.029309541
367,"6950
",-0.1631559
368,"6953
",0.16956313
369,"6955
",-0.11735086
370,"6956
",0.43264514
371,"6957
",0.009680375
372,"6958
",-0.08131241
373,"6962
",-0.028636685
374,"6965
",0.067607515
375,"6967
",0.12620498
376,"6968
",-0.00055262947
377,"6969
",-0.034122583
378,"6974
",-0.21791369
379,"6978
",0.51153696
380,"6979
",-0.18082082
381,"6980
",0.04645035
382,"6981
",-0.24862637
383,"6982
",0.07198121
384,"6986
",0.16523491
385,"6987
",-0.29032695
386,"6988
",-0.29733598
387,"6990
",-0.042440135
388,"6992
",-0.17173252
389,"6993
",-0.18358351
390,"6994
",-0.20554364
391,"6996
",-0.12453672
392,"6997
",0.2347133
393,"7000
",-0.24999304
394,"7001
",-0.34630808
395,"7004
",-0.18278916
396,"7009
",0.0603068
397,"7016
",0.30346394
398,"7034
",-0.13707344
399,"7037
",-0.03461084
400,"7045
",0.13257334
401,"7050
",0.1445499
402,"7051
",0.32053378
403,"7056
",-0.46829945
404,"7059
",-0.033178285
405,"7060
",0.029818183
406,"7066
",-0.0072904644
407,"7075
",0.22351526
408,"7083
",0.21189708
409,"7085
",-0.042258263
410,"7090
",0.096968435
411,"7091
",0.13998535
412,"7098
",0.17272535
413,"7100
",0.037614815
414,"7101
",-0.112481765
415,"7102
",-0.06585745
416,"7104
",0.117414124
417,"7105
",-0.22319864
418,"7108
",-0.37924218
419,"7109
",0.08718841
420,"7111
",0.077588335
421,"7113
",-0.2532835
422,"7120
",0.2982324
423,"7121
",-0.3237145
424,"7122
",-0.03588923
425,"7124
",0.067116424
426,"7125
",0.012954156
427,"7127
",-0.2516287
428,"7128
",-0.33857024
429,"7133
",-0.14411218
430,"7136
",-0.10759504
431,"7139
",-0.446262
432,"7140
",-0.57138413
433,"7141
",-0.26798877
434,"7150
",0.25474456
435,"7152
",-0.40578523
436,"7153
",0.38592687
437,"7164
",-0.4817946
438,"7167
",-0.4634359
439,"7169
",0.10481169
440,"7172
",-0.14740817
441,"7175
",0.053008378
442,"7182
",-0.23043407
443,"7186
",-0.17120002
444,"7187
",-0.1784445
445,"7192
",-0.11081693
446,"7193
",-0.6911057
447,"7196
",-0.32139903
448,"7201
",-0.23454368
449,"7203
",-0.27001062
450,"7204
",-0.093850195
451,"7205
",-0.3073748
452,"7206
",0.29791048
453,"7209
",-0.41438672
454,"7214
",0.048089787
455,"7225
",-0.57412523
456,"7226
",0.3397764
457,"7229
",0.11735068
458,"7230
",-0.081441715
459,"7235
",-0.11771374
460,"7237
",-0.26009932
461,"7238
",0.11496664
462,"7239
",0.03321522
463,"7242
",-0.34869984
464,"7247
",-0.029511856
465,"7250
",-0.07354561
466,"7262
",-0.2559677
467,"7265
",0.31001627
468,"7268
",-0.43579194
469,"7270
",0.004998054
470,"7271
",-0.09067506
471,"7274
",0.14404234
472,"7275
",0.26857623
473,"7276
",0.13881873
474,"7283
",-0.6003574
475,"7287
",0.09277664
476,"7288
",0.40755263
477,"7289
",0.11326039
478,"7290
",-0.18672554
479,"7294
",-0.102523245
480,"7295
",-0.30598632
481,"7302
",-0.14394398
482,"7303
",0.1494188
483,"7308
",0.23484008
484,"7309
",0.07975553
485,"7314
",-0.2623992
486,"7320
",-0.2872723
487,"7321
",0.25429913
488,"7322
",-0.8575636
489,"7324
",0.026530048
490,"7325
",-0.026436191
491,"7326
",0.09760282
492,"7327
",0.42462584
493,"7331
",0.11265753
494,"7336
",-0.07584954
495,"7337
",-0.0047793
496,"7338
",0.13134114
497,"7340
",0.34365934
498,"7341
",-0.13116303
499,"7342
",-0.34219489
500,"7344
",-0.10228292
501,"7350
",-0.7582662
502,"7351
",0.3271361
503,"7352
",-0.24590139
504,"7353
",0.33575773
505,"7354
",-0.22178307
506,"7355
",0.2232145
507,"7356
",-0.30782437
508,"7359
",-0.5429541
509,"7363
",-0.044429813
510,"7364
",0.12129281
511,"7365
",0.265869
512,"7369
",0.08574499
513,"7374
",-0.22600222
514,"7375
",-0.29258665
515,"7379
",0.03175501
516,"7380
",-0.06393757
517,"7381
",-0.21086359
518,"7384
",0.025676645
519,"7388
",-0.1509121
520,"7391
",-0.60998046
521,"7393
",0.1292396
522,"7395
",0.12416801
523,"7401
",-0.5419093
524,"7407
",-0.3523168
525,"7408
",0.18494499
526,"7416
",0.11420331
527,"7418
",-0.05953482
528,"7424
",0.2017531
529,"7429
",0.0736033
530,"7431
",0.108655706
531,"7432
",-0.15930077
532,"7437
",0.33153504
533,"7445
",0.05322234
534,"7447
",-0.18192449
535,"7453
",-0.06783352
536,"7454
",0.027877504
537,"7457
",0.039046153
538,"7459
",0.24468553
539,"7462
",-0.07381131
540,"7467
",-0.33715847
541,"7468
",0.25159547
542,"7471
",-0.7549397
543,"7472
",-0.08031271
544,"7473
",0.05124418
545,"7478
",-0.18361594
546,"7482
",0.11627561
547,"7486
",0.04919451
548,"7494
",0.3916706
549,"7506
",-0.1440791
550,"7510
",-0.018624492
551,"7511
",-0.060915954
552,"7515
",0.05356325
553,"7518
",-0.40873307
554,"7524
",0.09839737
555,"7531
",0.24767572
556,"7534
",0.2037161
557,"7535
",-0.17304772
558,"7536
",0.13519955
559,"7542
",0.040775914
560,"7543
",0.16410248
561,"7544
",0.04759829
562,"7545
",0.010561118
563,"7548
",0.17081152
564,"7553
",-0.31400412
565,"7555
",0.08418063
566,"7574
",-0.14821765
567,"7581
",0.29757375
568,"7590
",-0.3546579
569,"7592
",0.19609119
570,"7600
",1.5466467
571,"7610
",-0.20588161
572,"7622
",0.3036099
573,"7625
",0.04485516
574,"7629
",-0.18253775
575,"7650
",-0.4346957
576,"7655
",0.18078555
577,"7670
",-0.14373036
578,"7671
",-0.16942489
579,"7672
",-0.59778607
580,"7674
",-0.31719464
581,"7679
",-0.4486564
582,"7680
",0.17724785
583,"7687
",0.04905334
584,"7689
",-0.20179045
585,"7692
",-0.33426258
586,"7693
",0.090248145
587,"7694
",-0.76002806
588,"7696
",-0.1822157
589,"7699
",-0.18727927
590,"7702
",-0.20528331
591,"7704
",-0.20440024
592,"7705
",-0.11359025
593,"7706
",-0.27773947
594,"7708
",-0.15053652
595,"7723
",-0.15968296
596,"7725
",-0.013550253
597,"7726
",0.1454186
598,"7729
",0.15311798
599,"7732
",0.28452334
600,"7735
",0.1313895
601,"7757
",0.29437765
602,"7764
",-0.3771305
603,"7772
",0.42150706
604,"7775
",0.0029991127
605,"7783
",0.36410123
606,"7784
",-0.041322935
607,"7790
",-0.3980736
608,"7794
",0.19022936
609,"7802
",-0.19771709
610,"7809
",-0.10314172
611,"7823
",-0.28514668
612,"7824
",-0.27210748
613,"7829
",-0.073759235
614,"7835
",0.22427948
615,"7836
",0.37304795
616,"7843
",-0.22880591
617,"7855
",-0.06758815
618,"7858
",0.10432252
619,"7859
",0.34242815
620,"7865
",0.07753437
621,"7866
",0.27502987
622,"7875
",0.0062725656
623,"7877
",0.11914933
624,"7889
",0.21171163
625,"7891
",0.19889948
626,"7893
",0.08334943
627,"7895
",-0.17587979
628,"7899
",0.12746234
629,"7906
",0.042613264
630,"7914
",0.07544281
631,"7917
",0.04568306
632,"7919
",0.06236391
633,"7921
",-0.42327195
634,"7924
",0.01190846
635,"7926
",0.07140293
636,"7927
",-0.48701403
637,"7933
",-0.31629038
638,"7934
",0.6915606
639,"7936
",0.040921904
640,"7940
",-0.23062612
641,"7949
",0.03972793
642,"7950
",-0.40895012
643,"7953
",0.10167949
644,"7955
",0.2136609
645,"7960
",0.16973285
646,"7985
",-0.58362263
647,"7987
",-0.3477817
648,"7988
",-0.28672498
649,"7989
",-0.022418104
650,"7990
",0.05369036
651,"7998
",-0.09774573
652,"8001
",-1.2293851
653,"8004
",-0.3703546
654,"8005
",-0.16072421
655,"8006
",0.41309592
656,"8012
",-0.21438758
657,"8023
",0.11228663
658,"8032
",-0.041611906
659,"8033
",0.018302886
660,"8039
",0.05813567
661,"8040
",0.26465386
662,"8045
",-0.27413303
663,"8059
",0.15987584
664,"8064
",0.115582384
665,"8070
",0.10044113
666,"8072
",0.14151384
667,"8085
",-0.07074317
668,"8087
",-0.2704593
669,"8091
",-0.14926417
670,"8099
",-0.10732756
671,"8109
",-0.15808831
672,"8111
",-0.1716828
673,"8116
",-0.19348468
674,"8135
",-0.11925312
675,"8136
",-0.6663414
676,"8154
",-0.07324079
677,"8188
",-0.08513153
678,"8229
",0.35514548
679,"8235
",-0.04203552
680,"8236
",-0.12808187
681,"8239
",0.30504486
682,"8240
",-1.2620113
683,"8242
",0.008877003
684,"8246
",0.44763693
685,"8260
",0.043429
686,"8310
",0.029477177
687,"8311
",0.095435634
688,"8336
",0.26089412
689,"8354
",-0.06226449
690,"8357
",-0.4890936
691,"8381
",0.08572316
692,"8382
",0.20551385
693,"8386
",-0.16263855
694,"8431
",-0.17377435
695,"8438
",-0.07894124
696,"8444
",-0.37363002
697,"8447
",-0.016878458
698,"8449
",0.09353026
699,"8460
",0.236122
700,"8475
",0.1374404
701,"8478
",0.01964777
702,"8484
",-0.13921869
703,"8491
",0.13223094
704,"8495
",0.115577005
705,"8496
",-0.23685876
706,"8498
",0.26801708
707,"8501
",0.61331517
708,"8504
",-0.0006998037
709,"8510
",-0.4264731
710,"8554
",0.3427149
711,"8568
",-0.07064631
712,"8577
",-0.11948642
713,"8615
",-0.20434067
714,"8641
",0.1871286
715,"8688
",-0.106817335
716,"8695
",-0.1437616
717,"8750
",-0.031345826
718,"8787
",0.1046788
719,"8819
",-0.34174916
720,"8919
",1.479797
721,"8959
",0.26776764
722,"8967
",0.17717613
723,"8971
",-0.2051318
724,"9014
",-0.0027976697
725,"9026
",-0.0125366105
726,"9031
",-0.35384896
727,"9038
",0.23580287
728,"9039
",0.2451
729,"9042
",-0.018536946
730,"9050
",0.091534264
731,"9053
",-0.053535905
732,"9082
",0.15033533
733,"9116
",1.0048777
734,"9127
",0.17155181
735,"9132
",-0.20258299
736,"9133
",-0.039863266
737,"9137
",-0.24426632
738,"9145
",0.12725863
739,"9147
",0.19833581
740,"9154
",0.15259501
741,"9169
",-0.44430554
742,"9202
",0.20975505
743,"9218
",0.14883138
744,"9229
",0.27135393
745,"9232
",-0.25156468
746,"9238
",-0.54857045
747,"9246
",-0.41785187
748,"9258
",-0.19534539
749,"9278
",0.46842295
750,"9294
",-0.2535595
751,"9358
",0.10308817
752,"9376
",0.057102926
753,"9385
",-0.40329206
754,"9414
",-0.22844893
755,"9424
",-0.2436363
756,"9435
",-0.09481374
757,"9447
",0.0018187233
758,"9452
",0.26412594
759,"9454
",0.083335996
760,"9473
",-0.30041692
761,"9476
",0.006400837
762,"9521
",-0.30167675
763,"9527
",0.034997832
764,"9540
",0.25095332
765,"9577
",-0.17499545
766,"9595
",0.24577549
767,"9611
",0.28649387
768,"9623
",-0.25718483
769,"9659
",-0.6546013
770,"9663
",0.26409152
771,"9666
",0.27401337
772,"9669
",-0.04493221
773,"9672
",0.25886187
774,"9681
",-0.17046618
775,"9700
",0.37264612
776,"9704
",-0.14891571
777,"9705
",-0.061620787
778,"9712
",0.14255752
779,"9719
",-0.40089273
780,"9737
",-0.1998593
781,"9742
",-0.02122951
782,"9751
",-0.68331915
783,"9762
",0.15656663
784,"9767
",-0.7749488
785,"9779
",0.11208392
786,"9780
",-0.38313633
787,"9792
",-0.5562933
788,"9803
",-0.19626482
789,"9814
",0.08802263
790,"9847
",-0.021608256
791,"9861
",0.29747352
792,"9882
",0.25017372
793,"9884
",-0.4892051
794,"9910
",-0.16593504
795,"9960
",0.25941482
796,"9981
",-0.3444667
797,"10004
",0.05932064
798,"10022
",0.08581507
799,"10063
",0.31774345
800,"10075
",0.111978404
801,"10137
",0.065983705
802,"10184
",0.49561375
803,"10193
",0.17846726
804,"10198
",-0.3363166
805,"10203
",0.295342
806,"10216
",0.12897219
807,"10238
",-0.5205949
808,"10281
",-0.28239012
809,"10299
",-0.1763383
810,"10316
",-0.3416238
811,"10317
",0.2357145
812,"10325
",-0.37333822
813,"10336
",-0.25736675
814,"10349
",0.06323252
815,"10359
",-0.24478616
816,"10382
",-0.25444618
817,"10416
",0.46468046
818,"10442
",0.048138108
819,"10493
",0.2650231
820,"10529
",-0.22132345
821,"10548
",-0.30176333
822,"10591
",0.03449812
823,"10629
",-0.2765773
824,"10741
",0.3442377
825,"10769
",-0.2912045
826,"10845
",0.04637066
827,"10878
",-0.018801743
828,"10898
",0.0055196993
829,"10900
",-0.06291979
830,"10955
",0.4346262
831,"10956
",-0.016958762
832,"10970
",0.080701
833,"10976
",-0.9131526
834,"10977
",0.101792775
835,"11005
",0.19877042
836,"11008
",-0.08790956
837,"11019
",-0.15432037
838,"11022
",0.3965716
839,"11048
",-0.09877302
840,"11055
",-0.2176578
841,"11057
",-0.020103486
842,"11098
",-0.4079599
843,"11101
",-0.71200895
844,"11112
",-0.14105104
845,"11168
",0.357717
846,"11229
",-0.019628616
847,"11232
",0.03879582
848,"11236
",-0.47108534
849,"11241
",-0.4923898
850,"11257
",0.22608015
851,"11262
",-0.27161032
852,"11271
",0.18966883
853,"11280
",-0.091179155
854,"11289
",0.35730892
855,"11291
",0.027625358
856,"11293
",-0.2292169
857,"11298
",-0.34524736
858,"11325
",-0.141225
859,"11385
",-0.22633773
860,"11387
",0.36816317
861,"11397
",-0.42858738
862,"11407
",0.3786371
863,"11408
",-0.10756269
864,"11410
",-0.11041179
865,"11411
",-0.14612412
866,"11418
",-0.18953288
867,"11425
",-0.11043405
868,"11449
",-0.06549719
869,"11453
",0.17156719
870,"11481
",0.09931338
871,"11483
",-0.26507562
872,"11491
",0.0077057197
873,"11494
",-0.37021357
874,"11496
",0.2718499
875,"11499
",0.312159
876,"11509
",-0.25917748
877,"11512
",0.19258074
878,"11523
",-0.1058522
879,"11526
",-0.050621532
880,"11531
",0.31436557
881,"11550
",0.25646928
882,"11556
",0.094273195
883,"11567
",-0.20955093
884,"11570
",-0.43023366
885,"11640
",-0.40680954
886,"11643
",-0.2497092
887,"11677
",0.22815174
888,"11682
",0.2728363
889,"11705
",0.21397261
890,"11718
",0.3212248
891,"11721
",-0.087402575
892,"11726
",0.51661086
893,"11733
",0.34867975
894,"11734
",-0.17680784
895,"11741
",-0.03042641
896,"11763
",-0.06168072
897,"11791
",0.05247041
898,"11796
",-0.44884795
899,"11801
",0.243694
900,"11805
",-0.18728878
901,"11809
",-0.0600487
902,"11810
",-0.5329676
903,"11822
",0.07218963
904,"11827
",0.039852396
905,"11843
",-0.2511657
906,"11844
",0.2472984
907,"11847
",-0.16663414
908,"11857
",0.04139002
909,"11868
",0.20920028
910,"11869
",0.10330736
911,"11871
",0.24995051
912,"11872
",0.08004949
913,"11913
",0.019019833
914,"11925
",-0.09014393
915,"11955
",-0.19553684
916,"11974
",-0.009100034
917,"11978
",-0.043957684
918,"12034
",0.13385704
919,"12037
",-0.07815335
920,"12047
",0.033978634
921,"12054
",0.20690316
922,"12059
",-0.28040278
923,"12072
",-0.14771652
924,"12073
",0.02001152
925,"12078
",0.051499594
926,"12085
",0.2266489
927,"12089
",-0.10708921
928,"12122
",-0.6639288
929,"12140
",0.0031871751
930,"12141
",0.07519607
931,"12167
",0.21706781
932,"12168
",0.1329708
933,"12169
",-0.1350151
934,"12188
",-0.037713613
935,"12203
",0.029698534
936,"12213
",-0.17760895
937,"12239
",0.30226836
938,"12254
",-0.13455848
939,"12277
",0.070872314
940,"12280
",1.2845325
941,"12287
",-0.40825853
942,"12343
",0.059032965
943,"12380
",-0.154575
944,"12396
",0.27944785
945,"12401
",-0.009869616
946,"12402
",0.010218388
947,"12404
",-0.21858956
948,"12409
",-0.4447151
949,"12410
",0.1322025
950,"12421
",-0.09994513
951,"12437
",-0.58707213
952,"12453
",0.1606004
953,"12458
",-0.12050144
954,"12489
",-0.17334273
955,"12517
",-0.114364825
956,"12520
",0.05748559
957,"12522
",-0.2414171
958,"12541
",0.024100069
959,"12567
",-0.0103776045
960,"12573
",-0.032447476
961,"12593
",-0.118326455
962,"12594
",-0.06638931
963,"12598
",0.19832066
964,"12655
",0.16818361
965,"12665
",-0.49814302
966,"12670
",0.3108987
967,"12674
",-0.35263628
968,"12682
",-0.08757729
969,"12730
",-0.20855366
970,"12742
",-0.028389148
971,"12750
",-0.042689286
972,"12761
",0.24389148
973,"12769
",-0.4454205
974,"12837
",-0.32753313
975,"12889
",-0.22176504
976,"12914
",-0.023585688
977,"12919
",0.06896394
978,"12929
",-0.18562685
979,"12932
",-0.34521025
980,"12936
",-0.20986758
981,"12939
",-0.16218239
982,"12947
",-0.03539056
983,"12978
",0.0151997125
984,"12986
",-0.6584992
985,"13024
",0.31943345
986,"13047
",-0.17815006
987,"13054
",-0.28297684
988,"13084
",-0.63472277
989,"13087
",-0.4414794
990,"13098
",-0.56418866
991,"13122
",-0.35659528
992,"13144
",-0.03661932
993,"13168
",-0.09866014
994,"13230
",0.022237541
995,"13232
",-1.0129503
996,"13236
",-0.022069344
997,"13241
",-0.30086315
998,"13247
",-0.017701866
999,"13251
",0.11319409
1000,"13253
",0.28546727
1001,"13302
",-0.17975782
1002,"13310
",-0.51819897
1003,"13336
",-0.15188771
1004,"13337
",-0.38839903
1005,"13370
",-0.20438924
1006,"13398
",-0.46265924
1007,"13449
",-0.00025599057
1008,"13457
",0.54933363
1009,"13458
",-0.04784079
1010,"13463
",-0.7115072
1011,"13473
",0.16833915
1012,"13478
",-0.12620443
1013,"13513
",0.09123043
1014,"13536
",-0.07844083
1015,"13551
",-0.39352527
1016,"13553
",-0.14615066
1017,"13861
",0.17867543
1018,"13925
",0.14538239
1019,"13980
",-0.23196247
1020,"13990
",-0.1369299
1021,"13993
",-0.5092897
1022,"14137
",-0.2874192
1023,"14146
",-0.23797508
1024,"14212
",-0.32763776
1025,"14225
",-0.39479318
1026,"14290
",0.06704078
1027,"14298
",-0.21302311
1028,"14321
",-0.27833724
1029,"14327
",-0.025442507
1030,"14342
",-0.59411067
1031,"14364
",-0.3407584
1032,"14370
",0.26201206
1033,"14501
",-0.27804914
1034,"14508
",-0.47609666
1035,"14531
",0.18023539
1036,"14606
",-0.3665533
1037,"14741
",0.031627607
1038,"14771
",0.16100153
1039,"14775
",0.18541478
1040,"14782
",0.36947972
1041,"14804
",0.033453256
1042,"14818
",-0.12791462
1043,"14822
",-0.3115374
1044,"14833
",-0.55187804
1045,"14946
",-0.45898324
1046,"14977
",0.014281664
1047,"14999
",-0.3418632
1048,"15000
",-0.21186498
1049,"15008
",-0.32784703
1050,"15058
",-0.3675425
1051,"15060
",-0.8024407
1052,"15079
",-0.06268559
1053,"15115
",0.15734382
1054,"15161
",-0.5314531
1055,"15238
",-0.12973873
1056,"15246
",0.03291899
1057,"15280
",-0.49692258
1058,"15428
",-0.29527575
1059,"15498
",-0.07217215
1060,"15521
",0.34171015
1061,"15555
",0.12829405
1062,"15558
",-0.14141442
1063,"15674
",-0.21652134
1064,"15678
",-0.063041955
1065,"15691
",0.38924813
1066,"15779
",0.35504457
1067,"15865
",0.1439444
1068,"15872
",0.14893247
1069,"15921
",-0.11062013
1070,"16597
",-0.28377104
1071,"16639
",0.11488907
1072,"16833
",0.065788485
1073,"17494
",0.572392
1074,"17524
",0.27519703
1075,"17575
",0.13190044
1076,"17601
",-0.20361531
1077,"17605
",-0.07101829
1078,"17697
",-0.45925897
1079,"17811
",-0.08983058
1080,"17874
",0.18828675
1081,"17959
",-0.1136316
1082,"18014
",-0.31207305
1083,"18029
",-0.048343137
1084,"18082
",0.10790778
1085,"18095
",-0.36490658
1086,"18185
",0.28207278
1087,"18256
",-0.07778577
1088,"18273
",-0.0529776
1089,"18329
",0.14549159
1090,"18359
",-0.1560308
1091,"18419
",-0.32433137
1092,"18441
",0.007996666
1093,"18464
",-0.24453592
1094,"18518
",-0.17774694
1095,"18531
",-0.005572759
1096,"18536
",0.28754157
1097,"18562
",-0.10740971
1098,"18565
",-0.05393848
1099,"18629
",0.1617272
1100,"18634
",-0.14677656
1101,"18719
",0.12562996
1102,"18744
",0.009954383
1103,"19063
",0.22290035
1104,"19163
",0.36124927
1105,"19169
",-0.19241822
1106,"19183
",0.17671372
1107,"19217
",-0.43915102
1108,"19231
",-0.08821936
1109,"19341
",0.035610504
1110,"19376
",-0.17430589
1111,"19398
",0.10466893
1112,"19403
",-0.26408693
1113,"19411
",0.80260086
1114,"19438
",-0.09931974
1115,"19440
",-0.25368264
1116,"19511
",-0.45893887
1117,"19522
",0.2524489
1118,"19540
",-0.4802988
1119,"19541
",-0.25584212
1120,"19633
",-0.05321046
1121,"19665
",0.0982626
1122,"19671
",-0.3549234
1123,"19708
",0.23116863
1124,"19729
",-0.111354835
1125,"19740
",-0.39526403
1126,"19751
",-0.31889758
1127,"19754
",-0.089626156
1128,"19761
",-0.28332722
1129,"19770
",-0.58436215
1130,"19771
",-0.7447141
1131,"19777
",-0.5798597
1132,"19885
",-0.17606248
1133,"19910
",-0.17478092
1134,"19934
",0.080181494
1135,"19987
",-0.8140501
1136,"19989
",-0.3184271
1137,"19995
",0.0033390124
1138,"20011
",0.45196837
1139,"20018
",-0.16686222
1140,"20050
",-0.11485245
1141,"20054
",-0.15078211
1142,"20055
",-0.31790093
1143,"20068
",0.24280931
1144,"20079
",0.10024986
1145,"20117
",1.693089
1146,"20134
",-0.5467428
1147,"20152
",0.1359306
1148,"20157
",-0.4533279
1149,"20159
",-0.15973456
1150,"20160
",-0.11387378
1151,"20161
",-0.9265342
1152,"20177
",-0.21691038
1153,"20191
",0.04554219
1154,"20196
",0.25932658
1155,"20204
",-0.044326834
1156,"20211
",-0.06730024
1157,"20213
",-0.037096847
1158,"20239
",0.34181422
1159,"20240
",-0.22077653
1160,"20259
",-0.4752343
1161,"20263
",-0.10143295
1162,"20269
",-0.070941865
1163,"20308
",0.052411083
1164,"20391
",-0.34328997
1165,"20483
",-0.21398355
1166,"20489
",-0.12193884
1167,"20548
",-0.33369246
1168,"20581
",-0.25088194
1169,"20613
",-0.10969147
1170,"20614
",-0.07494969
1171,"20631
",-0.042311337
1172,"20649
",-0.082865305
1173,"20658
",-0.51142156
1174,"20674
",-0.37909323
1175,"20861
",-0.46023467
1176,"20884
",-0.27422258
1177,"21074
",-0.20271854
1178,"21084
",-0.5062995
1179,"21091
",0.10700023
1180,"21102
",0.17125924
1181,"21149
",0.04978854
1182,"21254
",-0.088303946
1183,"21367
",0.104247056
1184,"21373
",-0.35523364
1185,"21407
",-0.56961554
1186,"21519
",-0.49671924
1187,"21531
",-0.23229392
1188,"21548
",0.08272542
1189,"21563
",0.02551765
1190,"21586
",-0.087301
1191,"21717
",-0.1320405
1192,"21727
",0.095145226
1193,"21762
",0.47621372
1194,"21825
",-0.06394395
1195,"21919
",-0.37369227
1196,"22001
",-0.30402297
1197,"22004
",-0.71485287
1198,"22149
",-0.016147222
1199,"22198
",-0.2637091
1200,"22248
",-0.012949116
1201,"22264
",0.44917464
1202,"22281
",0.07790001
1203,"22291
",-0.2265172
1204,"22503
",-0.3408627
1205,"22504
",-0.06499363
1206,"22527
",0.1980264
1207,"22582
",0.19198297
1208,"22726
",-0.14903569
1209,"22860
",-0.18493384
1210,"23240
",-0.056942966
1211,"23269
",-0.31783524
1212,"23371
",-0.74021626
1213,"23374
",-0.21551596
1214,"23780
",0.5967993
1215,"23785
",-0.6834727
1216,"24570
",0.093682766
1217,"24683
",-0.17855798
1218,"24899
",-0.18479556
1219,"24933
",-0.19467886
1220,"25130
",-0.058420826
1221,"25502
",0.051271606
1222,"25558
",0.026689006
1223,"25640
",-0.21427818
1224,"25776
",-0.7582012
1225,"25844
",-0.24168316
1226,"25866
",0.20648494
1227,"25896
",1.0398464
1228,"25967
",-0.04478259
1229,"26034
",-0.06457987
1230,"26174
",-0.13514304
1231,"26323
",-0.52630013
1232,"26348
",-0.14941467
1233,"26486
",0.13246824
1234,"26506
",0.060331307
1235,"26609
",-0.40918154
1236,"26708
",-0.109325476
1237,"26783
",-0.47392341
1238,"26799
",-0.2400911
1239,"26881
",-0.32132548
1240,"27091
",0.04247445
1241,"27190
",1.5488757
1242,"27268
",-0.0825009
1243,"27318
",-0.21903726
1244,"27329
",0.030579438
1245,"27494
",0.44778994
1246,"27851
",-0.0442868
1247,"27944
",0.024240248
1248,"28320
",-0.048436057
1249,"28326
",0.098322906
1250,"28615
",-0.068411514
1251,"29055
",0.051174246
1252,"29198
",-0.18808207
1253,"29387
",-0.22271167
1254,"29440
",-0.42740524
1255,"29612
",0.1578975
1256,"29648
",0.31164557
1257,"29810
",0.21099137
1258,"30445
",0.6881258
1259,"30480
",0.13917966
1260,"30598
",-0.46061283
1261,"30701
",0.023830857
1262,"30709
",-0.30942374
1263,"30832
",0.25264925
1264,"30836
",0.19966358
1265,"30881
",0.17931734
1266,"30951
",0.008586705
1267,"31117
",0.20821379
1268,"31188
",0.0032252863
1269,"31191
",-0.51530766
1270,"31274
",-0.30649313
1271,"31275
",0.022920785
1272,"31285
",-0.041230712
1273,"31379
",-0.19145627
1274,"31395
",0.039127287
1275,"31492
",0.56681156
1276,"31498
",0.15268278
1277,"31535
",0.39159608
1278,"31886
",-0.06991868
1279,"31984
",-0.03690932
1280,"32033
",-0.1232997
1281,"32107
",0.13416062
1282,"32163
",-0.013025717
1283,"32281
",0.1153783
1284,"32313
",0.19240893
1285,"32349
",-0.061566368
1286,"32358
",-0.22452965
1287,"32362
",-0.0965581
1288,"32647
",-0.07731341
1289,"32904
",-0.14672649
1290,"32953
",-0.46065193
1291,"32975
",0.11894096
1292,"33061
",0.02851531
1293,"33274
",0.60819554
1294,"33290
",-0.07071647
1295,"33316
",0.012766712
1296,"33360
",0.22230674
1297,"33385
",0.11935027
1298,"33399
",-0.2921068
1299,"33444
",-0.09324166
1300,"33501
",-0.17172255
1301,"33565
",-0.25857803
1302,"33656
",0.005088916
1303,"33717
",-0.2975926
1304,"33736
",-0.03291404
1305,"33745
",-0.10959081
1306,"33843
",-0.3736299
1307,"33902
",-0.47233525
1308,"33909
",-0.21833986
1309,"33914
",-0.45571318
1310,"33915
",0.12221805
1311,"33921
",-0.2814154
1312,"33931
",-0.39338043
1313,"33994
",0.049976904
1314,"34013
",-0.071834765
1315,"34021
",-1.4101493
1316,"34034
",-0.14149828
1317,"34040
",-0.12845646
1318,"34084
",0.0016521941
1319,"34163
",-0.45789132
1320,"34186
",0.59626025
1321,"34215
",-0.29019335
1322,"34227
",-0.16154888
1323,"34239
",-0.28100058
1324,"34294
",-0.2693668
1325,"34455
",0.09092348
1326,"34549
",0.38885307
1327,"34562
",0.09109497
1328,"34624
",-0.31029078
1329,"34655
",0.33273336
1330,"35041
",0.058653243
1331,"35173
",0.13032916
1332,"35295
",0.008888525
1333,"35407
",0.18315691
1334,"35568
",0.27353704
1335,"35837
",-0.11633021
1336,"35939
",-0.6243952
1337,"35957
",-0.3701903
1338,"35968
",0.057311535
1339,"35983
",0.20109089
1340,"35992
",-0.03859882
1341,"35999
",0.03291735
1342,"36072
",0.0398529
1343,"36084
",0.26420805
1344,"36091
",0.2607979
1345,"36204
",-4.9409777e-05
1346,"36243
",-0.023148004
1347,"36263
",0.13149936
1348,"36264
",-0.12965313
1349,"36370
",-0.1664524
1350,"36404
",0.0045423624
1351,"36578
",-0.21426684
1352,"36598
",0.31152448
1353,"36616
",-0.12676564
1354,"36625
",-0.38909206
1355,"36803
",-0.01140966
1356,"37062
",0.15026988
1357,"37107
",-0.0358663
1358,"37398
",0.019618653
1359,"37400
",0.08936507
1360,"37450
",0.09779077
1361,"37459
",-0.19676408
1362,"37464
",-0.16683546
1363,"37639
",0.31035858
1364,"38117
",0.049881186
1365,"38313
",0.50976527
1366,"38337
",0.0998618
1367,"38439
",-0.16856788
1368,"38803
",-0.26408762
1369,"38943
",-0.40589234
1370,"39001
",-0.0010158897
1371,"39089
",0.38318598
1372,"39275
",0.22740231
1373,"39424
",-0.098599724
1374,"39483
",-0.41228318
1375,"39561
",0.672372
1376,"39591
",0.1484708
1377,"39850
",0.1311905
1378,"40384
",-0.1539261
1379,"40621
",0.16152824
1380,"40626
",-0.035284646
1381,"40728
",0.081171885
1382,"40847
",0.13186291
1383,"41044
",-0.11260073
1384,"41283
",0.19852567
1385,"41411
",-0.58873487
1386,"41877
",-0.45095828
1387,"42273
",0.19378532
1388,"42368
",0.063574724
1389,"42539
",0.14928508
1390,"42689
",-0.42112336
1391,"42754
",-0.49971828
1392,"42756
",0.23958091
1393,"43543
",0.1435236
1394,"44445
",-0.33718303
1395,"45079
",-0.03478446
1396,"45262
",-0.36022207
1397,"46318
",-0.223024
1398,"46480
",-0.1750777
1399,"47192
",-0.5660823
1400,"47232
",-0.21836586
1401,"47286
",0.12795639
1402,"47339
",0.19675477
1403,"47365
",-0.10259755
1404,"47708
",0.9271327
1405,"48064
",0.25142643
1406,"48235
",0.0021988556
1407,"48324
",0.06745331
1408,"48957
",0.36837634
1409,"49133
",-0.46058282
1410,"49180
",-0.63607013
1411,"49886
",-0.11242648
1412,"50288
",0.09534837
1413,"50575
",-0.34329078
1414,"51130
",-0.019292
1415,"51254
",-0.39099258
1416,"52316
",-0.111214675
1417,"52465
",0.40246496
1418,"52837
",0.4780155
1419,"52946
",0.20123933
1420,"53099
",0.5678219
1421,"53208
",0.27475333
1422,"53303
",-0.020483717
1423,"53330
",0.34011105
1424,"53446
",-0.011295465
1425,"53606
",-0.26641557
1426,"53661
",-0.37378973
1427,"53761
",0.06659997
1428,"53772
",0.12773384
1429,"53975
",-0.009866512
1430,"53997
",-0.07003381
1431,"54479
",-0.063084796
1432,"54562
",0.40101755
1433,"54568
",0.48624834
1434,"54582
",-0.046115965
1435,"54615
",0.6402973
1436,"54779
",0.019805845
1437,"54817
",0.23521803
1438,"54866
",0.16159397
1439,"54872
",0.2872121
1440,"54948
",0.22285421
1441,"54992
",-0.16467041
1442,"55025
",-0.21187495
1443,"55085
",-0.9024534
1444,"55120
",0.12230332
1445,"55124
",-0.22872198
1446,"55128
",-0.18766746
1447,"55142
",-0.056288462
1448,"55179
",-0.4385891
1449,"55187
",0.1141286
1450,"55325
",-0.62844765
1451,"55352
",-0.2404049
1452,"55359
",0.034825742
1453,"55377
",-0.068095334
1454,"55390
",0.26054466
1455,"55550
",-0.4488319
1456,"55591
",-0.492302
1457,"55593
",-0.4394775
1458,"55632
",-0.09589233
1459,"55681
",-0.14658469
1460,"55682
",-0.37623173
1461,"55737
",0.15355285
1462,"56116
",0.24098566
1463,"56119
",0.2544442
1464,"56122
",-0.4260401
1465,"56290
",-0.82819796
1466,"56436
",-0.20203343
1467,"56482
",-0.5315381
1468,"56490
",-0.37364998
1469,"56502
",-0.033273958
1470,"56503
",0.029649068
1471,"56505
",0.24756508
1472,"56506
",0.8130926
1473,"56591
",-0.013132727
1474,"56602
",0.025366876
1475,"56763
",-0.34015456
1476,"56793
",-0.20420614
1477,"56841
",-0.24071713
1478,"56908
",-0.12986507
1479,"56913
",-0.14153059
1480,"57026
",0.15995677
1481,"57317
",-0.011113489
1482,"57471
",-0.45460835
1483,"57725
",-0.4191536
1484,"57755
",0.21782689
1485,"57972
",-0.40015677
1486,"58138
",0.27908865
1487,"58222
",-0.9068257
1488,"58297
",-0.611347
1489,"58489
",0.2703388
1490,"58543
",-0.37577394
1491,"58779
",-0.12813525
1492,"58840
",0.09790847
1493,"59071
",0.19232695
1494,"59110
",0.015079638
1495,"59161
",-0.7900411
1496,"59194
",-0.029178169
1497,"59658
",-0.465012
1498,"60054
",-0.20540515
1499,"60122
",-0.057187792
1500,"60723
",0.04712713
1501,"61028
",0.22746427
1502,"62125
",-0.39529985
1503,"62303
",-0.20810865
1504,"62651
",-0.7437909
1505,"62763
",-0.575295
1506,"62892
",0.20349297
1507,"63099
",-0.143216
1508,"63169
",0.35856783
1509,"63187
",0.01608717
1510,"63232
",0.1422543
1511,"63662
",-0.1589404
1512,"64024
",0.15074725
1513,"64105
",0.09769315
1514,"64223
",-0.362196
1515,"64658
",-0.14916627
1516,"65167
",-0.2465092
1517,"65201
",0.4057154
1518,"65765
",0.22019082
1519,"65910
",-0.02063779
1520,"66673
",0.18305399
1521,"67731
",0.27469128
1522,"68129
",0.315148
1523,"69154
",0.27122572
1524,"69442
",0.0954873
1525,"70437
",-0.055767015
1526,"71391
",-0.08472358
1527,"71685
",-0.27645147
1528,"71727
",-0.40721694
1529,"72738
",0.0009135926
1530,"73334
",-0.009763338
1531,"74049
",-0.3204288
1532,"74404
",-0.41773063
1533,"75667
",-0.5805441
1534,"75725
",-0.29568642
1535,"76829
",0.26893866
1536,"76835
",-0.0360157
1537,"76895
",0.22971678
1538,"76915
",0.12098912
1539,"77202
",0.09814321
1540,"77345
",-0.15777212
1541,"77362
",-0.5421
1542,"77366
",-0.9145816
1543,"77557
",-0.26792726
1544,"78023
",-0.23536648
1545,"78031
",0.012167603
1546,"78495
",-0.44318867
1547,"79301
",-0.2037688
1548,"79386
",-0.2440655
1549,"80917
",-0.32439834
1550,"81595
",-0.03354793
1551,"81606
",-0.39614266
1552,"81808
",0.08307891
1553,"81809
",-0.19050722
1554,"81853
",-0.2750634
1555,"81917
",0.024658516
1556,"81969
",-0.102900974
1557,"81984
",-0.043643348
1558,"82124
",0.28411633
1559,"82187
",-0.5109835
1560,"82314
",0.02752929
1561,"82371
",0.14395885
1562,"82509
",-0.16839342
1563,"82564
",0.045709837
1564,"82631
",0.017980177
1565,"82674
",0.49580568
1566,"83095
",-0.5438154
1567,"83101
",-0.0282028
1568,"83102
",-0.6738432
1569,"83128
",0.034251608
1570,"83215
",0.16381341
1571,"83407
",-0.32037967
1572,"83506
",0.06506181
1573,"83675
",-0.29248223
1574,"83696
",-0.46007285
1575,"83752
",0.3771739
1576,"83756
",1.419978
1577,"84618
",0.00090348104
1578,"84691
",-0.94411874
1579,"84732
",-0.23385602
1580,"84916
",-0.13076887
1581,"85198
",0.00087790075
1582,"85684
",-0.35379657
1583,"85897
",0.015456864
1584,"85905
",0.034287706
1585,"85927
",-0.063780114
1586,"85988
",-1.065495
1587,"86059
",0.01962115
1588,"86088
",0.46438843
1589,"86119
",0.15741314
1590,"86215
",-0.0051179505
1591,"86220
",0.2741968
1592,"86236
",0.054562435
1593,"86399
",0.14034322
1594,"86481
",0.013054489
1595,"86743
",0.24649908
1596,"87289
",0.12951094
1597,"87692
",-0.19496238
1598,"88546
",-0.2399538
1599,"88905
",-0.33972782
1600,"88967
",-0.3848191
1601,"88974
",0.08886836
1602,"89391
",-0.2694437
1603,"89761
",-0.2398766
1604,"89989
",-0.2921052
1605,"90185
",-0.04705949
1606,"90373
",0.0882045
1607,"90467
",0.0911696
1608,"90791
",-0.19520624
1609,"91286
",-0.34752235
1610,"91472
",-0.44817683
1611,"91634
",0.01928314
1612,"92055
",-0.03062746
1613,"92251
",0.06604302
1614,"92301
",-0.091350004
1615,"92672
",0.1105109
1616,"92812
",-0.006768738
1617,"92926
",-0.6449519
1618,"93098
",-0.3488302
1619,"93622
",-0.36411747
1620,"94174
",-0.012334839
1621,"94386
",-0.2834688
1622,"94565
",0.47061896
1623,"95279
",0.04481354
1624,"95352
",-0.20700048
1625,"95463
",0.21672715
1626,"95495
",-0.34646413
1627,"96129
",0.2732507
1628,"96432
",-0.097712256
1629,"97377
",0.3922187
1630,"98054
",-0.055403795
1631,"98088
",0.056512658
1632,"98363
",0.14812046
1633,"99249
",-0.48577824
1634,"99252
",-0.35752642
1635,"100007
",-0.293634
1636,"100303
",-0.02390563
1637,"101605
",-0.3349679
1638,"102070
",-0.8625621
1639,"103940
",-0.036491714
1640,"104363
",-0.30007064
1641,"105413
",0.366307
1642,"107418
",-1.2601086
1643,"108460
",-0.5972143
1644,"108483
",0.17274892
1645,"111843
",0.2086822
1646,"112133
",0.24707066
1647,"113502
",-0.05910921
1648,"114388
",0.13438919
1649,"114609
",-0.024207594
1650,"114964
",-0.018222544
1651,"115492
",-0.37269545
1652,"116481
",4.9254062e-08
1653,"117161
",0.22373548
1654,"118924
",0.29230654
1655,"119342
",-0.0045423363
1656,"119402
",0.13054165
1657,"119700
",-0.09787854
1658,"121392
",-0.067829974
1659,"121540
",0.045014612
1660,"122079
",-0.022285214
1661,"122313
",0.06616219
1662,"122499
",-0.25566402
1663,"123071
",0.4011456
1664,"123266
",-0.2624422
1665,"123299
",-0.29517636
1666,"123398
",-0.6309468
1667,"123400
",0.1050322
1668,"123401
",-0.22588116
1669,"123417
",0.35607812
1670,"123463
",0.24703886
1671,"123577
",0.04416866
1672,"123764
",-0.29469702
1673,"123768
",0.02322123
1674,"123769
",-0.20924133
1675,"123877
",0.14853908
1676,"123878
",0.10677415
1677,"123973
",-0.07037152
1678,"124056
",0.36280495
1679,"124131
",0.007835359
1680,"124941
",-0.055463064
1681,"125565
",-0.5008653
1682,"125935
",-0.45542243
1683,"126543
",-0.24956979
1684,"126721
",0.08994922
1685,"127576
",-0.062606886
1686,"127578
",0.29594153
1687,"127843
",-0.25860587
1688,"128109
",-0.25877854
1689,"128594
",-0.0097595155
1690,"128612
",-0.08677042
1691,"128614
",-0.16385704
1692,"128628
",0.111287124
1693,"128635
",-0.22748041
1694,"128660
",-0.22719307
1695,"129275
",-0.22361521
1696,"130374
",0.07826101
1697,"131346
",0.31093696
1698,"131604
",0.142182
1699,"131624
",-0.14849804
1700,"132212
",-0.58391935
1701,"132270
",-0.23893632
1702,"132342
",-0.27526543
1703,"133361
",0.2796991
1704,"135527
",-0.24232091
1705,"136077
",0.28434035
1706,"136251
",-0.057441443
1707,"136980
",-0.57483065
1708,"139785
",0.33951613
1709,"139997
",-0.4708941
1710,"140803
",0.23977035
1711,"141316
",0.272764
1712,"144039
",-0.19006167
1713,"144970
",-0.062919006
1714,"146446
",-0.018776098
1715,"152996
",-0.25719494
1716,"154323
",0.3436247
1717,"154471
",0.2495506
1718,"157629
",-0.14802048
1719,"158379
",0.09065375
1720,"158545
",0.43910515
1721,"161582
",0.04878131
1722,"163039
",0.494672
1723,"164551
",-0.36336595
1724,"166687
",-0.32233417
1725,"167626
",-0.43228048
1726,"167635
",-0.14735273
1727,"170518
",-0.06078145
1728,"170799
",0.011995273
1729,"172135
",-0.038042177
1730,"175848
",-0.33739325
1731,"177137
",-0.32716414
1732,"177174
",-0.10133327
1733,"177657
",0.08392912
1734,"178725
",-0.18044977
1735,"179295
",-0.28927338
1736,"179483
",0.29226166
1737,"179755
",0.12897198
1738,"180970
",-0.12295735
1739,"181299
",-0.43106797
1740,"182212
",-0.18407685
1741,"182581
",0.00948334
1742,"183382
",0.043962173
1743,"183952
",-0.016263044
1744,"184126
",0.500987
1745,"184246
",-0.1631695
1746,"184343
",0.14725123
1747,"184377
",0.254474
1748,"185026
",-0.040685643
1749,"189407
",-0.663431
1750,"195539
",0.8818276
1751,"196226
",0.13823724
1752,"196343
",0.011545816
1753,"197880
",-0.37386692
1754,"198323
",-0.31265473
1755,"198548
",-0.33703932
1756,"210936
",-0.07248159
1757,"212284
",-0.0051260493
1758,"212971
",-0.41809037
1759,"214644
",-0.5758234
1760,"214917
",0.5004144
1761,"220480
",-0.31644145
1762,"222711
",0.003056837
1763,"222839
",-0.26259735
1764,"223364
",-0.0067634964
1765,"225125
",-0.18500425
1766,"225848
",-0.37173817
1767,"229705
",-0.2982929
1768,"230313
",-0.028491246
1769,"231499
",0.3717714
1770,"233410
",0.24621347
1771,"235674
",0.42484137
1772,"237703
",-0.15146822
1773,"240616
",-0.23821062
1774,"242583
",-0.3663419
1775,"250464
",-0.2903502
1776,"254093
",-0.078951746
1777,"256209
",-0.048620373
1778,"260038
",0.23685424
1779,"269562
",0.13676208
1780,"272189
",0.34361523
1781,"280367
",-0.41237018
1782,"291187
",-1.3575602
1783,"296074
",0.02884927
1784,"317963
",-0.061386686
1785,"339373
",0.15888372
1786,"341812
",0.11250017
1787,"357888
",-0.37336457
1788,"361763
",-0.06940648
1789,"366665
",-0.46235368
1790,"366717
",0.3174894
1791,"373022
",0.2350139
1792,"379926
",-0.18887399
1793,"382348
",-0.4318544
1794,"383714
",0.17621517
1795,"388479
",-0.4239033
1796,"405378
",-0.37586573
1797,"423105
",-0.10128331
1798,"424810
",0.07545825
1799,"432193
",0.16923101
1800,"434273
",-0.08146375
1801,"448037
",-0.15190525
1802,"477037
",-0.056805346
1803,"486821
",-0.16754693
1804,"501501
",-0.16725989
1805,"507360
",-0.34703782
1806,"507547
",-0.076662056
1807,"508247
",-1.3278372
1808,"508276
",-1.3107545
1809,"508289
",-1.686522
1810,"508296
",-1.7306391
1811,"508301
",-0.042645086
1812,"512630
",-0.32931018
1813,"520399
",-0.1632482
1814,"523149
",-0.06783883
1815,"523323
",0.39782676
